,,,,,,,,,,,,,
,Points per round,,,,,,,,,,,,
,Round,Jakob,Jørgen,Tobias,William,,,,,,,,
,Level 1,4,3,4,3,,,,,,,,
,Level 2,3,0,4,1,,,,,,,,
,Level 3,4,3,4,-1,,,,,,,,
,Level 4,3,1,4,1,,,,,,,,
,Level 5,3,1,4,1,,,,,,,,
,Level 6,4,0,4,1,,,,,,,,
,Level 7,2,-1,3,0,,,,,,,,
,Level 8,2,0,4,-3,,,,,,,,
,Level 9,2,-8,4,-7,,,,,,,,
,Boss 1,1,-3,4,-3,,,,,,,,
,Boss 2,2,-7,4,-7,,,,,,,,
,Sum,30,-11,43,-14,,,,,,,,
,,,,,,,,,,,,,
,,,,,,,,,,,,,
,,,,,,,,,,,,,
,Detailed tables,,,,,,,,,,,,
,,,,,,,,,,,,,
,Jakob,,,,,,,Jørgen,,,,,
,Level,Deaths,Clear?,All Gems?,Yarn?,,,Level,Deaths,Clear?,All Gems?,Yarn?,
,1,0,TRUE,TRUE,TRUE,4,,1,0,TRUE,TRUE,FALSE,3
,2,1,TRUE,TRUE,TRUE,3,,2,2,TRUE,FALSE,TRUE,0
,3,0,TRUE,TRUE,TRUE,4,,3,1,TRUE,TRUE,TRUE,3
,4,1,TRUE,TRUE,TRUE,3,,4,1,TRUE,FALSE,TRUE,1
,5,1,TRUE,TRUE,TRUE,3,,5,1,TRUE,FALSE,TRUE,1
,6,0,TRUE,TRUE,TRUE,4,,6,4,TRUE,TRUE,TRUE,0
,7,2,TRUE,TRUE,TRUE,2,,7,2,TRUE,FALSE,FALSE,-1
,8,2,TRUE,TRUE,TRUE,2,,8,3,TRUE,TRUE,FALSE,0
,9,2,TRUE,TRUE,TRUE,2,,9,9,TRUE,FALSE,FALSE,-8
,Boss 1,1,TRUE,FALSE,TRUE,1,,Boss 1,4,TRUE,FALSE,FALSE,-3
,Boss 2,2,TRUE,TRUE,TRUE,2,,Boss 2,7,FALSE,FALSE,FALSE,-7
,Points,-12,11,20,11,30,,Points,-34,10,8,5,-11
,,,,,,,,,,,,,
,Tobias,,,,,,,William,,,,,
,Level,Deaths,Clear?,All Gems?,Yarn?,,,Level,Deaths,Clear?,All Gems?,Yarn?,
,1,0,TRUE,TRUE,TRUE,4,,1,0,TRUE,TRUE,FALSE,3
,2,0,TRUE,TRUE,TRUE,4,,2,3,TRUE,TRUE,TRUE,1
,3,0,TRUE,TRUE,TRUE,4,,3,3,TRUE,FALSE,TRUE,-1
,4,0,TRUE,TRUE,TRUE,4,,4,1,TRUE,FALSE,TRUE,1
,5,0,TRUE,TRUE,TRUE,4,,5,3,TRUE,TRUE,TRUE,1
,6,0,TRUE,TRUE,TRUE,4,,6,1,TRUE,FALSE,TRUE,1
,7,1,TRUE,TRUE,TRUE,3,,7,2,TRUE,FALSE,TRUE,0
,8,0,TRUE,TRUE,TRUE,4,,8,5,TRUE,FALSE,TRUE,-3
,9,0,TRUE,TRUE,TRUE,4,,9,10,TRUE,TRUE,FALSE,-7
,Boss 1,0,TRUE,TRUE,TRUE,4,,Boss 1,4,TRUE,FALSE,FALSE,-3
,Boss 2,0,TRUE,TRUE,TRUE,4,,Boss 2,7,FALSE,FALSE,FALSE,-7
,Points,-1,11,22,11,43,,Points,-39,10,8,7,-14