,,,,,
,Power-up 1,,,,
,,Power-up,Spill brukt i,Notat,Poeng
,Jakob,Double-Edged Sword,Planet Coaster,,5
,Tobias,Double-Edged Sword,Hollow Knight,,5
,Jørgen,Double-Edged Sword,PUBG,,0
,William,Double-Edged Sword,Pummel Party,,-2
,,,,,
,Power-up 2,,,,
,,Power-up,Spill brukt i,Notat,Poeng
,Jakob,Crystal Ballin',Kerbal Space Program,,2
,Tobias,Crystal Ballin',Kerbal Space Program,,2
,Jørgen,Crystal Ballin',Kerbal Space Program,,2
,William,Crystal Ballin',Kerbal Space Program,,2
,,,,,
,Power-up 3,,,,
,,Power-up,Spill brukt i,Notat,Poeng
,Jakob,Accounting Error,World of Warcraft,,0
,Tobias,Accounting Error,World of Warcraft,,0
,Jørgen,Accounting Error,Planet Coaster,,0
,William,Accounting Error,World of Warcraft,,0