,,,,,,,,,,,,,,,,,,,,,,,,,,
,Gruppespill,,,,,,,Gruppespill-matcher,,,,,Seed 1,,,,,,,,,,,,,
,,Jakob,Jørgen,Tobias,William,Score,,Tobias,0,1,Jakob,,Jakob,2,,,,,,,,,,,,
,Jakob,,1,1,1,3,,William,0,1,Jørgen,,WB-SF1,,,,,,,,,,,,,
,Jørgen,0,,0,1,1,,Jørgen,0,1,Jakob,,William,0,,Vinner WB-SF1,,,,,,,,,,
,Tobias,0,1,,1,2,,Tobias,1,0,William,,Seed 4,,,Jakob,1,,,,,,,,,
,William,0,0,0,,0,,William,0,1,Jakob,,,,,WB-F,,,,,,,,,,
,,,,,,,,Tobias,1,0,Jørgen,,Seed 2,,,Tobias,2,,,,,,,,,
,,,,,,,,,,,,,Tobias,2,,Vinner WB-SF2,,,,,,,,,,
,,,,,,,,,,,,,WB-SF2,,,,,,,,,,,,,
,,,,,,,,,,,,,Jørgen,0,,,,,Vinner SB-F,,,Taper GF (om de kom fra WB-F),,,1. Plass: Vinner GF/GF2,Jakob
,,,,,,,,,,,,,Seed 3,,,,,,Tobias,0,,Tobias,0,,2. Plass: Taper GF/GF2,Tobias
,,,,,,,,,,,,,,,,,,,GF (finale),,,"GF2 (finale, omspill)",,,3. Plass: Taper LB-F,Jørgen
,,,,,,,,,,,,,,,,,,,Jakob,3,,Jakob,3,,4. Plass: Taper B4,William
,,,,,,,,,,,,,,,,,,,Vinner LB-F,,,Vinner GF,,,,
,,,,,,,,,,,,,Taper WB-SF1,,,Taper WB-F,,,,,,,,,,
,,,,,,,,,,,,,William,,,Jakob,3,,,,,,,,,
,,,,,,,,,,,,,LB-R1,,,LB-F,,,,,,,,,,
,,,,,,,,,,,,,Jørgen,2,,Jørgen,0,,,,,,,,,
,,,,,,,,,,,,,Taper WB-SF2,,,Vinner LB-R1,,,,,,,,,,