,,,,,,,
,Power-up 1,,,,,,Liste over powerups
,,Power-up,Spill brukt i,Notat,Poeng,,Safety Net
,Jakob,Successful Tax Evasion,Ratz Instagib,,0,,Gamba Time
,Tobias,Successful Tax Evasion,Counter-Strike 2,,0,,Double-Edged Sword
,Jørgen,Successful Tax Evasion,Ratz Instagib,,0,,Crystal Ballin'
,William,Double-Edged Sword,2XKO,,1,,Successful tax evasion
,,,,,,,Power-up-cloner
,Power-up 2,,,,,,Wide net
,,Power-up,Spill brukt i,Notat,Poeng,,Back to back
,Jakob,Double-edged Sword,Garry's Mod,,4,,
,Tobias,Power-up Cloner,Ratz Instagib,"Jørgen, Successful Tax Evasion",0,,Liste over curses
,,,FC25,"Jørgen, Wide Net",0,,Unsuccessful tax evasion
,Jørgen,Wide Net,2XKO,,1,,Sucks to suck
,William,Safety Net,Garry's Mod,,2,,Not beating the allegations
,,,,,,,Curse of the gambler
,Power-up 3,,,,,,
,,Power-up,Spill brukt i,Notat,Poeng,,
,Jakob,Power-up Cloner,PEAK,"Tobias, Successful tax evasion",0,,
,,,Counter-Strike,"Tobias, Wide net",0,,
,Tobias,Wide Net,Garry's Mod,,1,,
,Jørgen,Safety Net,CS2,,1,,
,William,Back to Back,FC25,,2,,
,,,,,,,
,Curse,,,,,,
,,Power-up,Spill brukt i,Notat,Poeng,,
,Jakob,Sucks to Suck,Trombone Champ,,0,,
,Tobias,Unsuccessful Tax Evasion,Trombone Champ,,0,,
,Jørgen,Unsuccessful Tax Evasion,PEAK,,0,,
,William,Sucks to Suck,League of Legends,,-1,,