,,,,,,,,,,
,,,,,,,,,,
,,,Jakob,,Tobias,,Jørgen,,William,
,Easy,Ban,Silent Night,,Taps,,Warm-up,,Martian Killbots,
,,,Sang,Poeng,Sang,Poeng,Sang,Poeng,Sang,Poeng
,Sang 1,Jasmine Flower,"3,821,420",3,"4,135,640",4,"3,739,710",2,"3,567,590",1
,Sang 2,Rising Sun Blues,"4,798,370",3,"4,810,560",4,"4,284,440",1,"4,399,590",2
,Sang 3,Ballgame,"3,490,110",3,"3,739,660",4,"3,272,200",2,"3,078,920",1
,Sang 4,O Christmas Tree,"4,927,060",3,"6,463,080",4,"4,153,740",1,"4,171,150",2
,Medium,Ban,Jingle Bells,,Carol of the Bells,,Beethoven's 5th,,Skeleton Rag,
,Sang 5,Hello My Baby,"7,498,740",3,"8,438,470",4,"6,715,170",2,"6,378,150",1
,Sang 6,Gymnopedie,"4,708,460",3,"5,016,510",4,"3,961,600",2,"3,953,500",1
,Sang 7,Marseillaise,"3,025,190",3,"3,321,340",4,"2,652,750",2,"2,571,540",1
,Sang 8,Korobeiniki,"9,057,240",3,"10,091,970",4,"7,859,100",2,"7,252,360",1
,Sum,,,24,,32,,14,,10
,,,,,,,,,,
,Bronsefinale,,,,,,,,,
,,,,,,,,,,
,,,Score,Result,,,,,,
,William Tell Overture,Jørgen,"4,476,780",1,,,,,,
,,William,"3,894,250",0,,,,,,
,Rhapsody in Blue,Jørgen,"8,216,200",0,,,,,,
,,William,"8,247,330",1,,,,,,
,Sailor's Hornpipe,Jørgen,"4,743,920",1,,,,,,
,,William,"3,596,130",0,,,,,,
,,,,,,,,,,
,Finale,,,,,,,,,
,,,,,,,,,,
,,,Score,Result,,,,,,
,Hungarian Rhapsody No. 2,Jakob,"9,874,820",0,,,,,,
,,Tobias,"11,647,874",1,,,,,,
,Hall of the Mountain King,Jakob,"5,641,210",0,,,,,,
,,Tobias,"7,223,040",1,,,,,,