,Gruppespill,,,,,,,,,,
,,Jakob,Jørgen,Tobias,William,Score,,Gruppespill-matcher,,,
,Jakob,,0,0,1,1,,Tobias,2,1,Jakob
,Jørgen,2,,1,2,5,,William,0,2,Jørgen
,Tobias,2,1,,1,4,,Jørgen,2,1,Jakob
,William,1,0,1,,2,,Tobias,1,2,William
,,,,,,,,William,0,2,Jakob
,,,,,,,,Tobias,1,2,Jørgen
,,,,,,,,,,,
,,,,,,,,Tobias,2,0,Jakob
,,,,,,,,William,0,2,Jørgen
,,,,,,,,Jørgen,2,1,Jakob
,,,,,,,,Tobias,2,1,William
,,,,,,,,William,2,1,Jakob
,,,,,,,,Tobias,2,0,Jørgen
,,,,,,,,,,,
,,,,,,,,Bronsefinale,,,
,,,,,,,,William,2,1,Jakob
,,,,,,,,Finale,,,
,,,,,,,,Tobias,1,2,Jørgen