Seed 1,,,,,,,,,,,,,,
Jakob,1,,,,,,,,,,,,,
WB-SF1,,,,,,,,,,,,,,
William,0,,Vinner WB-SF1,,,,,,,,,,,
Seed 4,,,Jakob,1,,,,,,,,,,
,,,WB-F,,,,,,,,,,,
Seed 2,,,Tobias,0,,,,,,,,,,
Tobias,1,,Vinner WB-SF2,,,,,,,,,,,
WB-SF2,,,,,,,,,,,,,,
Jørgen,0,,,,,Vinner SB-F,,,Taper GF (om de kom fra WB-F),,,,1. Plass: Vinner GF/GF2,Jakob
Seed 3,,,,,,Jakob,1,,,,,,2. Plass: Taper GF/GF2,Tobias
,,,,,,GF (finale),,,"GF2 (finale, omspill)",,,,3. Plass: Taper LB-F,Jørgen
,,,,,,Tobias,0,,,,,,4. Plass: Taper B4,William
,,,,,,Vinner LB-F,,,Vinner GF,,,,,
Taper WB-SF1,,,WB-F,,,,,,,,,,,
William,0,,Tobias,1,,,,,,,,,,
LB-R1,,,LB-F,,,,,,,,,,,
Jørgen,1,,Jørgen,0,,,,,,,,,,
Taper WB-SF2,,,LB-R1,,,,,,,,,,,